modele,WAPE,biais,biais_pct
directe,0.7042838268148954,-0.3461985966863231,-0.1544033439855682
recursive,0.7047102249156206,0.05607169829870937,0.02500777820343103
hybride,0.6927671646748766,-0.15485248973969196,-0.06906366019144505
naive_saiso,0.937011170332251,-0.14560439560439561,-0.06493904306806342
