month,ca_reel,ca_prev,wape_qte,biais_ca_pct,n_jours
2026-03,608778.0815591812,598291.4441248712,0.6984028991755067,-0.01722571451234256,21
2026-04,853855.2823243141,772502.2732384028,0.6973563418123729,-0.09527728031904537,30
2026-05,883536.2380797863,791461.6331686724,0.6788251118323292,-0.10421146404953596,31
2026-06,886665.961151123,824335.2633754604,0.6981893673067264,-0.07029783538181755,30
