month,ca_reel,ca_prev,wape_qte,biais_ca_pct,n_jours
2026-03,608778.0815591812,579398.4084480075,0.6945447674141452,-0.048260070461024984,21
2026-04,853855.2823243141,798137.3806527695,0.6993534057283568,-0.06525450251929421,30
2026-05,883536.2380797863,796962.5364849844,0.6850105570504593,-0.0979854564686049,31
2026-06,886665.961151123,808458.9022726327,0.6989023585370633,-0.0882035200459903,30
