wk,f10,f90,n,couverture
1,0.7870152663300597,1.246604309217969,334,0.7964071856287425
2,0.7753265682865997,1.250587790986142,334,0.7964071856287425
3,0.7999016376541765,1.3367380141312146,334,0.7964071856287425
4,0.8653623227342332,1.5859504561159334,322,0.7950310559006211
