wk,f10,f90,n,couverture
1,0.7914036817057382,1.225310647444126,334,0.7964071856287425
2,0.7889497117489844,1.249202019225486,334,0.7964071856287425
3,0.8354572753137957,1.2951307793625115,334,0.7964071856287425
4,0.926410158305104,1.5479229328107522,322,0.7950310559006211
