modele,WAPE,biais,biais_pct
directe,0.7033888517509186,-0.33277630099742944,-0.1484170478013408
recursive,0.7076188096935258,0.0601290530658756,0.026817344012716626
hybride,0.6944004764952891,-0.1644382937511624,-0.07333889471962651
naive_saiso,0.937011170332251,-0.14560439560439561,-0.06493904306806342
